Centro Nacional de Control de Energia
Estimacion de la Demanda Real del Sistema -Por Balance
Sistema Electrico Nacional
Reporte Diario
Fecha de Publicacion: 18/may/2016
Archivo descargado desde el Sistema de Informacion del Mercado (Area Publica) creado el 18/may/2016 12:00:00 hrs.
Nota 1: Los acentos de este reporte se omiten intencionalmente por sistema.
Nota 2: La variable Exportacion se refiere a los valores programados para el MDA.
LIQUIDACION 2 (Dia de Operacion: 27/01/2016)
Sistema, Area, Hora, Generacion (MWh), Exportacion (MWh), Estimacion de Demanda por Balance (MWh) 
BCA,BCA,1,1342.243,11,1331.243,
BCA,BCA,2,1349.731,11,1338.731,
BCA,BCA,3,1352.065,11,1341.065,
BCA,BCA,4,1361.432,11,1350.432,
BCA,BCA,5,1363.976,11,1352.976,
BCA,BCA,6,1359.816,11,1348.816,
BCA,BCA,7,1346.051,11,1335.051,
BCA,BCA,8,1309.777,11,1298.777,
BCA,BCA,9,1397.741,11,1386.741,
BCA,BCA,10,1447.683,11,1436.683,
BCA,BCA,11,1469.867,11,1458.867,
BCA,BCA,12,1475.664,11,1464.664,
BCA,BCA,13,1470.277,11,1459.277,
BCA,BCA,14,1481.79,11,1470.79,
BCA,BCA,15,1479.321,11,1468.321,
BCA,BCA,16,1468.793,11,1457.793,
BCA,BCA,17,1468.081,11,1457.081,
BCA,BCA,18,1483.375,11,1472.375,
BCA,BCA,19,1524.108,11,1513.108,
BCA,BCA,20,1488.096,11,1477.096,
BCA,BCA,21,1482.501,11,1471.501,
BCA,BCA,22,1409.849,11,1398.849,
BCA,BCA,23,1333.926,11,1322.926,
BCA,BCA,24,1312.42,11,1301.42,


